source,feed_url,entry_count,recent_count,bozo,score
Phys.org,https://phys.org/rss-feed/,30,30,False,3030
Science,https://www.science.org/rss/news_current.xml,10,3,False,310
Defense News,https://www.defensenews.com/arc/outboundfeeds/rss/,25,10,False,1025
TechCrunch,https://techcrunch.com/feed/,20,20,False,2020
TechCrunch,https://techcrunch.com/category/startups/feed/,20,10,False,1020
TechCrunch,https://techcrunch.com/category/venture/feed/,20,5,False,520
TechCrunch,https://techcrunch.com/category/ai/feed/,0,0,1,-50
Nature,https://www.nature.com/nature.rss,75,16,False,1675
Nature,https://www.nature.com/subjects/news.rss,0,0,1,-50
Nature,https://www.nature.com/subjects/biotechnology.rss,30,29,False,2930
Nature,https://www.nature.com/subjects/medical-research.rss,30,30,False,3030
Labiotech,https://www.labiotech.eu/feed/,12,2,False,212
Labiotech,https://www.labiotech.eu/trends-news/feed/,12,0,False,12
Labiotech,https://www.labiotech.eu/in-depth/feed/,12,1,False,112
EU-Startups,https://www.eu-startups.com/feed/,10,10,False,1010
EU-Startups,https://www.eu-startups.com/category/funding/feed/,0,0,1,-50
EU-Startups,https://www.eu-startups.com/category/startups/feed/,0,0,1,-50
MIT Technology Review,https://www.technologyreview.com/feed/,10,10,False,1010
MIT Technology Review,https://www.technologyreview.com/topic/artificial-intelligence/feed/,10,4,False,410
MIT Technology Review,https://www.technologyreview.com/topic/biomedicine/feed/,0,0,False,0
MIT Technology Review,https://www.technologyreview.com/topic/space/feed/,10,0,False,10
SpaceNews,https://spacenews.com/feed/,17,2,False,217
SpaceNews,https://spacenews.com/category/launch/feed/,0,0,1,-50
SpaceNews,https://spacenews.com/category/commercial/feed/,0,0,1,-50
Payload Space,https://payloadspace.com/feed/,13,3,False,313
Payload Space,https://payloadspace.com/category/news/feed/,0,0,1,-50
Satellite Today,https://www.satellitetoday.com/feed/,10,4,False,410
Satellite Today,https://www.satellitetoday.com/category/business/feed/,0,0,1,-50
Satellite Today,https://www.satellitetoday.com/category/launch/feed/,0,0,1,-50
Breaking Defense,https://breakingdefense.com/feed/,15,8,False,815
Breaking Defense,https://breakingdefense.com/category/air/feed/,15,5,False,515
Breaking Defense,https://breakingdefense.com/category/space/feed/,15,1,False,115
C4ISRNET,https://www.c4isrnet.com/arc/outboundfeeds/rss/,25,2,False,225
War on the Rocks,https://warontherocks.com/feed/,100,4,False,500
National Defense Magazine,https://www.nationaldefensemagazine.org/rss,0,0,1,-50
National Defense Magazine,https://www.nationaldefensemagazine.org/feed,0,0,1,-50
National Defense Magazine,https://www.nationaldefensemagazine.org/articles/feed,0,0,1,-50
NWO,https://www.nwo.nl/en/news/rss.xml,0,0,1,-50
NWO,https://www.nwo.nl/rss.xml,0,0,1,-50
